City_ID,City,Country,Date,Lat,Lng,Max Temp,Humidity,Cloudiness,Wind Speed
0,Nagornskiy,RU,2022-04-06 20:29:04,58.7731,57.5451,31.78,94,100,9.19
1,Yangi Marg`ilon,UZ,2022-04-06 20:29:04,40.4272,71.7189,63.32,48,26,4.61
2,Kysyl-Syr,RU,2022-04-06 20:29:05,63.8986,122.7617,-16.78,100,100,1.72
3,Nsanje,MW,2022-04-06 20:29:05,-16.92,35.262,75.13,97,100,2.28
4,Novoagansk,RU,2022-04-06 20:29:06,61.9449,76.6625,22.78,94,100,17.07
5,Antalaha,MG,2022-04-06 20:29:06,-14.9003,50.2788,74.73,93,22,5.53
6,Samoded,RU,2022-04-06 20:29:06,63.6083,40.5111,26.89,92,100,6.76
7,Barrow,US,2022-04-06 20:28:47,71.2906,-156.7887,-14.78,76,0,10.36
8,Kumul,CN,2022-04-06 20:29:07,42.8,93.45,63.03,16,3,3.29
9,Kapaa,US,2022-04-06 20:29:08,22.0752,-159.319,78.78,73,0,17.27
10,Bluff,NZ,2022-04-06 20:29:08,-46.6,168.3333,49.66,62,89,6.33
11,Busselton,AU,2022-04-06 20:27:36,-33.65,115.3333,61.56,64,9,7.87
12,Punta Arenas,CL,2022-04-06 20:24:37,-53.15,-70.9167,48.31,49,0,13.8
13,Airai,TL,2022-04-06 20:29:09,-8.9266,125.4092,58.75,86,18,2.15
14,Zarubino,RU,2022-04-06 20:29:09,42.63,131.0922,35.92,84,100,9.8
15,Puerto Ayora,EC,2022-04-06 20:29:10,-0.7393,-90.3518,85.96,80,63,9.19
16,Mataura,NZ,2022-04-06 20:29:10,-46.1927,168.8643,43.48,90,89,2.51
17,Midland,US,2022-04-06 20:27:11,31.9974,-102.0779,72.05,16,0,13.8
18,Tual,ID,2022-04-06 20:29:11,-5.6667,132.75,82.27,75,100,5.66
19,Mar del Plata,AR,2022-04-06 20:27:41,-38.0023,-57.5575,80.62,39,0,16.11
20,Along,IN,2022-04-06 20:29:11,28.1667,94.7667,64.6,97,32,1.95
21,Leningradskiy,RU,2022-04-06 20:29:12,69.3833,178.4167,-4.79,95,100,20.4
22,Lata,PT,2022-04-06 20:29:12,40.1629,-8.3327,54.81,96,81,3.58
23,Abbeville,FR,2022-04-06 20:28:26,50.1,1.8333,52.25,87,64,21.21
24,Qaanaaq,GL,2022-04-06 20:29:13,77.484,-69.3632,9.14,92,100,2.68
25,Vostok,RU,2022-04-06 20:29:13,46.4856,135.8833,14.99,73,7,7.56
26,Iskateley,RU,2022-04-06 20:29:14,67.6803,53.1512,1.11,91,19,7.9
27,Kaitangata,NZ,2022-04-06 20:29:14,-46.2817,169.8464,46.26,73,93,6.38
28,Vallenar,CL,2022-04-06 20:29:14,-28.5708,-70.7581,88.02,10,0,10.2
29,Benguela,AO,2022-04-06 20:29:15,-12.5763,13.4055,75.83,86,41,3.65
30,Upernavik,GL,2022-04-06 20:29:15,72.7868,-56.1549,2.46,96,77,11.41
31,Tuatapere,NZ,2022-04-06 20:29:16,-46.1333,167.6833,47.28,79,100,0.65
32,Albany,US,2022-04-06 20:29:16,42.6001,-73.9662,59.65,82,100,4.99
33,Ushuaia,AR,2022-04-06 20:28:14,-54.8,-68.3,44.22,70,75,27.63
34,Rikitea,PF,2022-04-06 20:24:29,-23.1203,-134.9692,78.53,73,63,14.12
35,Palauig,PH,2022-04-06 20:29:17,15.435,119.9045,79.16,78,96,2.44
36,Karlshamn,SE,2022-04-06 20:29:17,56.1706,14.8619,45.09,91,100,17.49
37,Varhaug,NO,2022-04-06 20:29:17,58.6147,5.6457,36.86,76,100,18.16
38,Kushima,JP,2022-04-06 20:29:18,31.4583,131.2333,55.67,73,100,4.63
39,Saint Paul Harbor,US,2022-04-06 20:27:14,57.79,-152.4072,35.11,100,100,3.44
40,Yellowknife,CA,2022-04-06 20:29:19,62.456,-114.3525,30.72,69,75,8.99
41,Lubango,AO,2022-04-06 20:29:19,-14.9172,13.4925,65.23,66,47,3.11
42,Cidreira,BR,2022-04-06 20:29:20,-30.1811,-50.2056,70.05,72,6,10.47
43,Grand Gaube,MU,2022-04-06 20:29:20,-20.0064,57.6608,79.2,86,60,16.28
44,Kloulklubed,PW,2022-04-06 20:29:20,7.0419,134.2556,75.7,83,100,18.37
45,Skibbereen,IE,2022-04-06 20:29:21,51.55,-9.2667,49.1,75,95,26.96
46,Lukovetskiy,RU,2022-04-06 20:29:21,64.2956,41.9211,32.32,97,100,7.81
47,Cape Town,ZA,2022-04-06 20:29:22,-33.9258,18.4232,59.41,73,40,4.61
48,Shelburne,CA,2022-04-06 20:29:22,44.0787,-80.2041,55.85,70,100,15.23
49,Nabire,ID,2022-04-06 20:29:22,-3.3667,135.4833,75.43,92,100,3.8
50,Vidin,BG,2022-04-06 20:29:23,43.99,22.8725,54.75,53,13,6.51
51,General Pico,AR,2022-04-06 20:29:24,-35.6566,-63.7568,88.12,23,0,2.44
52,Port Alfred,ZA,2022-04-06 20:29:24,-33.5906,26.891,60.19,74,8,8.99
53,Ojinaga,MX,2022-04-06 20:28:58,29.5667,-104.4167,88.57,20,0,10.36
54,Pisco,PE,2022-04-06 20:29:25,-13.7,-76.2167,73.45,68,0,16.11
55,Atar,MR,2022-04-06 20:29:25,20.5169,-13.0499,82.18,18,5,11.86
56,Gizo Government Station,SB,2022-04-06 20:29:26,-8.103,156.8419,79.21,87,100,19.91
57,Batticaloa,LK,2022-04-06 20:27:34,7.7102,81.6924,78.76,83,100,5.3
58,Tasiilaq,GL,2022-04-06 20:29:26,65.6145,-37.6368,28.56,90,78,3.56
59,Hong Kong,HK,2022-04-06 20:24:33,22.2855,114.1577,73.18,78,94,8.01
60,Coquimbo,CL,2022-04-06 20:29:27,-29.9533,-71.3436,58.73,82,20,12.66
61,Wilmington,US,2022-04-06 20:27:25,34.2257,-77.9447,82.98,60,75,12.66
62,Chui,UY,2022-04-06 20:29:27,-33.6971,-53.4616,74.21,49,0,7.87
63,Samarai,PG,2022-04-06 20:29:28,-10.6167,150.6667,80.46,80,100,14.97
64,Riyadh,SA,2022-04-06 20:24:38,24.6877,46.7219,84.34,12,55,12.59
65,Puerto Colombia,CO,2022-04-06 20:29:28,10.9878,-74.9547,87.89,75,69,19.3
66,Kenai,US,2022-04-06 20:29:29,60.5544,-151.2583,42.89,56,0,9.22
67,Gobabis,NA,2022-04-06 20:29:29,-22.45,18.9667,69.84,30,0,1.16
68,Thompson,CA,2022-04-06 20:25:25,55.7435,-97.8558,33.96,75,100,14.97
69,New Norfolk,AU,2022-04-06 20:29:30,-42.7826,147.0587,46.71,74,0,2.68
70,Karratha,AU,2022-04-06 20:29:30,-20.7377,116.8463,85.32,58,62,9.28
71,Maningrida,AU,2022-04-06 20:29:31,-12.0667,134.2667,78.08,87,13,3.74
72,Vaini,TO,2022-04-06 20:27:41,-21.2,-175.2,78.96,89,75,5.75
73,Whitehorse,CA,2022-04-06 20:29:31,60.7161,-135.0538,37.02,51,40,13.0
74,Tripoli,LY,2022-04-06 20:29:32,32.8752,13.1875,70.57,55,28,3.44
75,San Cristobal,VE,2022-04-06 20:29:32,7.7669,-72.225,82.58,53,99,6.55
76,Porbandar,IN,2022-04-06 20:29:33,21.6422,69.6093,80.28,69,48,10.51
77,Balch Springs,US,2022-04-06 20:29:33,32.7287,-96.6228,74.21,27,0,16.11
78,Saskylakh,RU,2022-04-06 20:29:33,71.9167,114.0833,-19.79,100,68,5.75
79,Bandarbeyla,SO,2022-04-06 20:29:34,9.4942,50.8122,79.25,74,0,6.8
80,Lebu,CL,2022-04-06 20:29:34,-37.6167,-73.65,60.69,76,78,9.08
81,Norman Wells,CA,2022-04-06 20:29:11,65.282,-126.8329,23.04,50,20,3.44
82,Sobolevo,RU,2022-04-06 20:29:35,54.4299,31.8996,32.94,93,100,10.96
83,Porto Murtinho,BR,2022-04-06 20:29:35,-21.6989,-57.8825,91.4,42,90,9.46
84,Hobart,AU,2022-04-06 20:29:36,-42.8794,147.3294,47.05,86,0,9.22
85,Malanje,AO,2022-04-06 20:29:36,-9.5402,16.341,66.72,93,78,2.64
86,Jacqueville,CI,2022-04-06 20:29:36,5.2052,-4.4146,82.45,82,93,10.63
87,Orapa,BW,2022-04-06 20:29:37,-21.2833,25.3667,79.63,27,65,8.39
88,São Filipe,CV,2022-04-06 20:29:37,14.8961,-24.4956,71.49,75,6,10.51
89,Hobyo,SO,2022-04-06 20:29:38,5.3505,48.5268,81.19,70,4,11.65
90,Muros,ES,2022-04-06 20:29:38,42.7762,-9.0603,57.09,79,99,10.25
91,São João da Barra,BR,2022-04-06 20:29:39,-21.6403,-41.0511,80.69,75,17,14.18
92,Provideniya,RU,2022-04-06 20:29:39,64.3833,-173.3,-3.78,79,100,7.74
93,Poso,ID,2022-04-06 20:29:39,-1.3959,120.7524,76.37,82,83,4.03
94,Champerico,GT,2022-04-06 20:29:40,14.3,-91.9167,95.54,62,6,12.95
95,Vao,NC,2022-04-06 20:29:40,-22.6667,167.4833,79.41,84,100,29.04
96,Ancud,CL,2022-04-06 20:29:40,-41.8697,-73.8203,59.23,97,100,16.82
97,Ixtapa,MX,2022-04-06 20:29:41,20.7,-105.2,78.03,65,75,11.5
98,Cayenne,GF,2022-04-06 20:29:41,4.9333,-52.3333,82.09,1,75,12.66
99,Olinda,BR,2022-04-06 20:29:41,-8.0089,-34.8553,82.13,78,75,4.61
100,Cabo San Lucas,MX,2022-04-06 20:25:05,22.8909,-109.9124,79.61,60,0,4.61
101,Isangel,VU,2022-04-06 20:29:42,-19.55,169.2667,79.47,85,100,16.73
102,Praia da Vitória,PT,2022-04-06 20:29:42,38.7333,-27.0667,64.65,77,75,24.74
103,Atraulia,IN,2022-04-06 20:29:43,26.3333,82.95,79.83,9,0,3.04
104,Porto-Novo,BJ,2022-04-06 20:29:43,6.4965,2.6036,80.42,78,48,8.05
105,Miraflores,MX,2022-04-06 20:29:44,19.2167,-98.8083,81.36,9,56,4.32
106,Bengkulu,ID,2022-04-06 20:29:44,-3.8004,102.2655,74.95,89,100,4.76
107,Muravlenko,RU,2022-04-06 20:29:44,63.7898,74.523,16.57,90,100,27.89
108,Clyde River,CA,2022-04-06 20:27:53,70.4692,-68.5914,7.03,85,20,3.44
109,Carnarvon,AU,2022-04-06 20:29:45,-24.8667,113.6333,77.07,88,2,6.91
110,Hithadhoo,MV,2022-04-06 20:29:46,-0.6,73.0833,82.29,67,1,2.82
111,Faanui,PF,2022-04-06 20:29:46,-16.4833,-151.75,82.27,77,22,22.46
112,Perelyub,RU,2022-04-06 20:29:46,51.8667,50.3667,41.41,82,98,13.06
113,Sanmenxia,CN,2022-04-06 20:29:47,34.7747,111.1814,54.75,61,0,4.99
114,Zhigansk,RU,2022-04-06 20:29:47,66.7697,123.3711,-13.88,100,89,9.17
115,Dikson,RU,2022-04-06 20:29:48,73.5069,80.5464,-0.26,95,99,16.31
116,Hermanus,ZA,2022-04-06 20:29:48,-34.4187,19.2345,56.8,66,100,13.4
117,Nioro,GM,2022-04-06 20:29:49,13.35,-15.75,87.73,27,3,10.85
118,Sturgeon Falls,CA,2022-04-06 20:29:49,46.3646,-79.9326,56.12,76,100,12.12
119,Hilo,US,2022-04-06 20:27:41,19.7297,-155.09,72.25,92,100,8.05
120,Mariestad,SE,2022-04-06 20:29:50,58.7097,13.8237,32.5,88,100,10.92
121,Celestún,MX,2022-04-06 20:29:50,20.8667,-90.4,89.47,62,1,12.48
122,Arraial do Cabo,BR,2022-04-06 20:29:50,-22.9661,-42.0278,76.96,94,75,10.36
123,Rabo de Peixe,PT,2022-04-06 20:29:51,37.8,-25.5833,62.11,77,20,17.27
124,Te Anau,NZ,2022-04-06 20:29:51,-45.4167,167.7167,41.86,90,67,2.55
125,Mount Isa,AU,2022-04-06 20:29:52,-20.7333,139.5,76.77,22,0,10.36
126,Atuona,PF,2022-04-06 20:29:52,-9.8,-139.0333,79.03,76,12,15.37
127,Nanning,CN,2022-04-06 20:28:03,22.8167,108.3167,63.05,62,67,6.06
128,Chumikan,RU,2022-04-06 20:29:53,54.7183,135.315,19.8,82,100,18.37
129,Hailey,US,2022-04-06 20:29:53,43.5196,-114.3153,43.99,32,0,10.36
130,Odlābāri,IN,2022-04-06 20:29:53,26.8333,88.6167,74.25,81,68,3.42
131,Codrington,AU,2022-04-06 20:29:54,-38.2667,141.9667,60.15,83,88,11.74
132,Geraldton,AU,2022-04-06 20:29:54,-28.7667,114.6,72.01,49,97,12.66
133,Chiman,PK,2022-04-06 20:29:55,32.5463,73.8138,75.76,21,0,3.27
134,Vestmanna,FO,2022-04-06 20:29:38,62.1564,-7.1664,31.12,86,75,18.41
135,Kahului,US,2022-04-06 20:26:02,20.8947,-156.47,80.62,68,75,16.11
136,Jamestown,US,2022-04-06 20:24:59,42.097,-79.2353,59.02,61,100,13.8
137,Bathsheba,BB,2022-04-06 20:29:55,13.2167,-59.5167,83.01,65,20,21.85
138,Gornyy,RU,2022-04-06 20:29:56,55.1153,83.9059,32.74,89,92,13.49
139,Poum,NC,2022-04-06 20:29:56,-20.2333,164.0167,80.78,86,100,27.02
140,George Town,MY,2022-04-06 20:28:26,5.4112,100.3354,78.73,93,20,3.44
141,Mitsamiouli,KM,2022-04-06 20:29:57,-11.3847,43.2844,82.18,74,43,7.9
142,Dunmore Town,BS,2022-04-06 20:29:57,25.5,-76.65,78.39,78,19,12.21
143,Bredasdorp,ZA,2022-04-06 20:29:58,-34.5322,20.0403,58.23,61,100,11.9
144,Nikolskoye,RU,2022-04-06 20:29:58,59.7035,30.7861,29.88,91,34,5.64
145,Tazmalt,DZ,2022-04-06 20:29:58,36.3868,4.3989,52.61,81,95,4.88
146,Pevek,RU,2022-04-06 20:29:59,69.7008,170.3133,-13.61,100,100,4.65
147,Loanhead,GB,2022-04-06 20:29:59,55.8795,-3.1587,40.59,87,20,5.99
148,Havre-St-Pierre,CA,2022-04-06 20:30:00,50.2334,-63.5986,34.16,80,100,18.41
149,Makakilo City,US,2022-04-06 20:30:00,21.3469,-158.0858,77.32,60,75,13.8
150,Ajdabiya,LY,2022-04-06 20:30:01,30.7554,20.2263,86.97,11,8,13.33
151,Takoradze,GH,2022-04-06 20:27:25,4.8845,-1.7554,82.4,84,73,4.99
152,Fortuna,US,2022-04-06 20:30:04,40.5982,-124.1573,66.92,67,0,9.22
153,Broken Hill,AU,2022-04-06 20:30:05,-31.95,141.4333,53.31,87,2,5.75
154,Manuk Mangkaw,PH,2022-04-06 20:30:06,4.8,119.85,81.0,77,90,12.46
155,Kuraymah,SD,2022-04-06 20:30:07,18.55,31.85,88.18,10,0,11.27
156,Alice Springs,AU,2022-04-06 20:30:08,-23.7,133.8833,58.55,55,0,5.75
157,Catherinas Lust,GY,2022-04-06 20:30:09,6.4,-57.6,80.37,75,61,8.95
158,Ilulissat,GL,2022-04-06 20:30:10,69.2167,-51.1,24.82,80,75,4.61
159,Morristown,US,2022-04-06 20:27:02,36.214,-83.2949,81.3,61,75,5.75
160,Avera,US,2022-04-06 20:30:11,33.194,-82.5271,79.56,73,98,12.35
161,Ponta do Sol,PT,2022-04-06 20:28:47,32.6667,-17.1,61.72,74,9,1.61
162,The Valley,AI,2022-04-06 20:30:12,18.217,-63.0578,82.26,65,40,14.97
163,Kon Tum,VN,2022-04-06 20:30:13,14.35,108.0,62.82,94,100,3.56
164,Souillac,MU,2022-04-06 20:30:14,-20.5167,57.5167,79.18,78,40,9.22
165,São Francisco de Assis,BR,2022-04-06 20:30:14,-29.5503,-55.1311,74.62,79,12,6.87
166,Port Elizabeth,ZA,2022-04-06 20:30:15,-33.918,25.5701,61.11,74,40,24.16
167,Oktyabr'skiy,RU,2022-04-06 20:30:16,54.4815,53.471,37.27,96,100,17.6
168,Iqaluit,CA,2022-04-06 20:30:12,63.7506,-68.5145,6.53,71,40,29.93
169,Brae,GB,2022-04-06 20:30:16,60.3964,-1.353,39.13,56,100,20.76
170,Tucuruí,BR,2022-04-06 20:30:17,-3.7661,-49.6725,78.46,91,66,2.46
171,Mathathane,BW,2022-04-06 20:30:18,-22.2687,28.7495,81.86,37,23,4.97
172,Longyearbyen,SJ,2022-04-06 20:30:18,78.2186,15.6401,13.84,57,0,14.97
173,Hamilton,US,2022-04-06 20:25:47,39.1834,-84.5333,55.06,96,100,3.0
174,Pangnirtung,CA,2022-04-06 20:30:19,66.1451,-65.7125,5.0,85,20,0.0
175,Harper,LR,2022-04-06 20:30:19,4.375,-7.7169,81.1,83,97,8.12
176,Vila,PT,2022-04-06 20:30:20,42.0304,-8.1588,43.68,78,64,3.18
177,Jieshi,CN,2022-04-06 20:30:20,22.8134,115.8257,70.95,75,100,12.77
178,Kavaratti,IN,2022-04-06 20:30:21,10.5669,72.642,82.71,74,79,6.69
179,Barcelos,PT,2022-04-06 20:30:21,41.5388,-8.6151,54.84,93,62,4.0
180,Sinnamary,GF,2022-04-06 20:30:22,5.3833,-52.95,78.21,87,66,12.06
181,Zaranj,AF,2022-04-06 20:30:22,30.9667,61.8833,78.76,12,0,11.3
182,Fredericksburg,US,2022-04-06 20:30:19,38.3032,-77.4605,68.74,73,0,6.91
183,Klyavlino,RU,2022-04-06 20:30:23,54.2649,52.0267,35.11,98,100,17.6
184,Mount Gambier,AU,2022-04-06 20:30:23,-37.8333,140.7667,53.51,94,100,5.75
185,Bose,IT,2022-04-06 20:30:24,45.4612,8.0137,54.28,67,99,2.35
186,Nantucket,US,2022-04-06 20:29:31,41.2835,-70.0995,48.31,89,100,18.41
187,Buala,SB,2022-04-06 20:30:24,-8.145,159.5921,79.93,81,100,8.86
188,Ukiah,US,2022-04-06 20:30:25,39.1502,-123.2078,84.16,31,0,3.44
189,Manicoré,BR,2022-04-06 20:30:25,-5.8092,-61.3003,80.56,92,66,2.55
190,Klaksvík,FO,2022-04-06 20:30:25,62.2266,-6.589,32.92,71,100,34.11
191,Barcelona,ES,2022-04-06 20:27:05,41.3888,2.159,57.85,60,0,8.05
192,Pāveh,IR,2022-04-06 20:30:26,35.0434,46.3565,56.48,35,100,11.61
193,Yulara,AU,2022-04-06 20:30:26,-25.2406,130.9889,64.24,52,0,5.75
194,Poya,NC,2022-04-06 20:30:27,-21.35,165.15,79.27,86,100,22.84
195,Dunedin,NZ,2022-04-06 20:30:00,-45.8742,170.5036,46.8,75,100,8.99
196,Nanortalik,GL,2022-04-06 20:30:27,60.1432,-45.2371,31.62,89,61,4.45
197,Saint-Philippe,RE,2022-04-06 20:30:28,-21.3585,55.7679,76.59,79,100,11.56
198,Fernie,CA,2022-04-06 20:27:27,49.5,-115.0687,48.29,65,99,3.96
199,Avarua,CK,2022-04-06 20:29:37,-21.2078,-159.775,84.25,79,75,14.97
200,Kuytun,RU,2022-04-06 20:30:28,54.3419,101.5036,32.14,98,100,2.73
201,George,ZA,2022-04-06 20:30:29,-33.963,22.4617,54.95,76,75,11.5
202,Itaituba,BR,2022-04-06 20:30:30,-4.2761,-55.9836,82.56,83,40,0.0
203,Inhambane,MZ,2022-04-06 20:30:30,-23.865,35.3833,75.47,80,26,9.89
204,East London,ZA,2022-04-06 20:28:02,-33.0153,27.9116,63.09,67,0,23.87
205,Escárcega,MX,2022-04-06 20:30:31,18.6089,-90.7454,107.11,19,16,5.61
206,Tomatlán,MX,2022-04-06 20:30:31,19.9333,-105.25,86.76,42,84,11.07
207,Ugoofaaru,MV,2022-04-06 20:30:32,5.6667,73.0,83.28,70,19,5.53
208,Cambados,ES,2022-04-06 20:30:32,42.5122,-8.8131,57.11,89,91,6.08
209,Torbay,CA,2022-04-06 20:30:33,47.6666,-52.7314,40.28,91,100,21.85
210,San Quintín,MX,2022-04-06 20:28:30,30.4833,-115.95,70.97,54,0,9.17
211,Yenagoa,NG,2022-04-06 20:30:33,4.9247,6.2642,79.57,85,98,4.7
212,Ahipara,NZ,2022-04-06 20:30:34,-35.1667,173.1667,66.04,63,32,12.82
213,Touros,BR,2022-04-06 20:30:35,-5.1989,-35.4608,80.42,76,25,10.02
214,Young,UY,2022-04-06 20:30:35,-32.6833,-57.6333,75.2,68,19,2.08
215,Saint-Pierre,RE,2022-04-06 20:30:36,-21.3393,55.4781,76.68,87,0,11.5
216,Ribeira Grande,PT,2022-04-06 20:30:36,38.5167,-28.7,63.0,88,75,18.41
217,Tuktoyaktuk,CA,2022-04-06 20:30:37,69.4541,-133.0374,6.8,72,75,13.8
218,Jām Sāhib,PK,2022-04-06 20:30:37,26.2958,68.6292,80.62,15,0,8.55
219,Lexington,US,2022-04-06 20:30:12,37.9887,-84.4777,70.34,87,100,17.27
220,Peterhead,GB,2022-04-06 20:30:38,57.5058,-1.7981,45.0,89,100,13.8
221,Yeppoon,AU,2022-04-06 20:30:38,-23.1333,150.7333,65.98,80,10,11.1
222,Petauke,ZM,2022-04-06 20:30:38,-14.2426,31.3253,66.22,95,82,3.2
223,Quang Ngai,VN,2022-04-06 20:30:39,15.1167,108.8,69.96,91,100,7.76
224,Thinadhoo,MV,2022-04-06 20:30:39,0.5333,72.9333,82.63,69,2,2.26
225,Mahébourg,MU,2022-04-06 20:28:58,-20.4081,57.7,79.09,78,40,9.22
226,Province of Mantua,IT,2022-04-06 20:30:40,45.1667,10.7833,56.44,76,100,1.99
227,Abalak,RU,2022-04-06 20:30:40,58.1286,68.5944,29.35,92,72,9.1
228,Haines Junction,CA,2022-04-06 20:30:41,60.7522,-137.5108,39.15,45,85,5.75
229,Port Hawkesbury,CA,2022-04-06 20:30:41,45.6169,-61.3485,44.19,58,0,11.5
230,Alofi,NU,2022-04-06 20:30:42,-19.0595,-169.9187,80.49,83,75,8.05
231,Cairns,AU,2022-04-06 20:30:06,-16.9167,145.7667,74.07,91,75,10.36
232,San Felipe,VE,2022-04-06 20:30:42,10.3399,-68.7425,79.68,79,98,6.31
233,Sur,OM,2022-04-06 20:28:48,22.5667,59.5289,84.27,50,0,6.73
234,Morant Bay,JM,2022-04-06 20:30:43,17.8815,-76.4093,88.72,72,28,12.73
235,Soma,TR,2022-04-06 20:30:43,39.1855,27.6094,52.75,73,1,2.42
236,Havøysund,NO,2022-04-06 20:30:44,70.9963,24.6622,34.03,79,98,24.61
237,Peleduy,RU,2022-04-06 20:30:44,59.6289,112.7406,18.23,93,100,2.82
238,Guerrero Negro,MX,2022-04-06 20:30:44,27.9769,-114.0611,76.15,39,0,12.91
239,Mugur-Aksy,RU,2022-04-06 20:30:45,50.35,90.5,32.36,51,80,6.6
240,Spas,UA,2022-04-06 20:30:45,48.8899,24.0629,45.45,83,89,5.88
241,Pacifica,US,2022-04-06 20:30:46,37.6138,-122.4869,82.4,43,0,11.5
242,São Sebastião,BR,2022-04-06 20:30:46,-23.76,-45.4097,72.91,89,37,3.36
243,Katherine,AU,2022-04-06 20:30:47,-14.4667,132.2667,77.32,78,99,5.75
244,Xapuri,BR,2022-04-06 20:30:47,-10.6517,-68.5044,83.64,79,61,0.92
245,Imbituba,BR,2022-04-06 20:28:51,-28.24,-48.6703,75.81,86,99,4.81
246,Kushmurun,KZ,2022-04-06 20:30:48,52.4503,64.6311,29.7,96,97,8.93
247,Lompoc,US,2022-04-06 20:30:48,34.6391,-120.4579,94.01,33,1,5.01
248,Los Llanos de Aridane,ES,2022-04-06 20:30:48,28.6585,-17.9182,60.55,77,75,12.66
249,Shimoda,JP,2022-04-06 20:30:43,34.6667,138.95,54.1,77,78,9.24
250,Juneau,US,2022-04-06 20:30:49,58.3019,-134.4197,46.4,53,75,11.5
251,Butaritari,KI,2022-04-06 20:30:49,3.0707,172.7902,81.61,75,96,19.91
252,Mogadishu,SO,2022-04-06 20:29:36,2.0371,45.3438,81.07,77,100,17.07
253,Port Hedland,AU,2022-04-06 20:30:50,-20.3167,118.5667,82.45,78,9,6.91
254,De Aar,ZA,2022-04-06 20:30:50,-30.6497,24.0123,54.68,46,1,7.83
255,Castro,BR,2022-04-06 20:30:51,-24.7911,-50.0119,68.32,90,63,2.59
256,Ormara,PK,2022-04-06 20:30:51,25.2088,64.6357,79.34,76,0,12.75
257,Severo-Kuril'sk,RU,2022-04-06 20:30:51,50.6789,156.125,34.86,86,100,12.44
258,Maceió,BR,2022-04-06 20:30:52,-9.6658,-35.7353,83.64,57,20,11.5
259,Florø,NO,2022-04-06 20:30:53,61.5996,5.0328,33.76,64,0,4.61
260,Necochea,AR,2022-04-06 20:30:53,-38.5473,-58.7368,72.14,59,35,6.15
261,Fairbanks,US,2022-04-06 20:30:54,64.8378,-147.7164,39.54,53,0,5.75
262,Hirara,JP,2022-04-06 20:30:54,24.8,125.2833,69.4,70,94,11.9
263,Mahibadhoo,MV,2022-04-06 20:30:55,3.7833,72.9667,83.34,67,72,4.27
264,Beidao,CN,2022-04-06 20:30:55,34.5686,105.8933,54.37,36,0,3.38
265,Joensuu,FI,2022-04-06 20:30:56,62.6012,29.7632,24.28,84,20,9.22
266,Baiyin,CN,2022-04-06 20:30:56,36.5583,104.2081,48.72,19,0,1.48
267,Forsytheganj,BY,2022-04-06 20:29:04,52.6333,29.7333,39.7,98,100,8.39
268,Nong Khai,TH,2022-04-06 20:30:57,17.9167,103.0833,74.28,57,86,5.12
269,Oxford,GB,2022-04-06 20:28:50,51.7522,-1.256,50.14,78,75,24.16
270,Eyl,SO,2022-04-06 20:30:57,7.9803,49.8164,78.4,76,3,10.45
271,Honiara,SB,2022-04-06 20:30:58,-9.4333,159.95,74.82,91,100,0.72
272,Prome,MM,2022-04-06 20:30:58,18.8167,95.2167,81.41,71,98,3.13
273,Kirakira,SB,2022-04-06 20:30:59,-10.4544,161.9205,81.0,81,99,14.14
274,Vila Franca do Campo,PT,2022-04-06 20:30:59,37.7167,-25.4333,63.01,88,58,13.91
275,Ngunguru,NZ,2022-04-06 20:30:44,-35.6167,174.5,64.89,67,14,12.5
276,Inta,RU,2022-04-06 20:31:00,66.0317,60.1659,-0.49,99,100,3.22
277,Bajil,YE,2022-04-06 20:31:00,15.0584,43.2851,84.74,46,0,1.32
278,Arman',RU,2022-04-06 20:31:01,59.7,150.1667,23.34,70,100,16.26
279,Moose Factory,CA,2022-04-06 20:31:01,51.2585,-80.6094,35.6,41,0,17.27
280,Matara,LK,2022-04-06 20:31:01,5.9485,80.5353,75.38,86,100,6.8
281,Alyangula,AU,2022-04-06 20:31:02,-13.8483,136.4192,67.87,100,26,3.44
282,Tiksi,RU,2022-04-06 20:30:40,71.6872,128.8694,-19.25,100,100,2.42
283,Raudeberg,NO,2022-04-06 20:31:03,61.9875,5.1352,32.67,62,5,9.04
284,Evensk,RU,2022-04-06 20:31:03,61.95,159.2333,9.82,82,27,6.71
285,Severnoye,RU,2022-04-06 20:31:04,56.3491,78.3619,29.16,90,9,10.29
286,Banda Aceh,ID,2022-04-06 20:31:05,5.5577,95.3222,78.62,76,100,0.98
287,Kruisfontein,ZA,2022-04-06 20:31:05,-34.0033,24.7314,58.89,73,43,21.16
288,Bambous Virieux,MU,2022-04-06 20:31:05,-20.3428,57.7575,79.05,78,40,9.22
289,Korla,CN,2022-04-06 20:31:06,41.7597,86.1469,61.16,25,0,3.27
290,Henties Bay,NA,2022-04-06 20:31:06,-22.116,14.2845,61.68,83,3,8.3
291,Sittwe,MM,2022-04-06 20:31:07,20.15,92.9,77.68,86,44,9.37
292,Sidvokodvo,SZ,2022-04-06 20:31:07,-26.6282,31.4202,71.38,56,16,4.92
293,Las Vegas,US,2022-04-06 20:31:07,36.175,-115.1372,78.24,10,0,24.16
294,Saint-Leu,RE,2022-04-06 20:31:08,-21.15,55.2833,76.06,80,97,5.7
295,Ola,RU,2022-04-06 20:31:08,59.5833,151.2833,22.01,73,100,23.96
296,Puerto del Rosario,ES,2022-04-06 20:31:09,28.5004,-13.8627,62.35,59,20,14.97
297,Liku,ID,2022-04-06 20:31:09,-0.7275,119.8922,73.38,90,98,1.92
298,Kavieng,PG,2022-04-06 20:31:10,-2.5744,150.7967,78.04,87,100,3.65
299,Shingū,JP,2022-04-06 20:28:29,33.7333,135.9833,51.22,56,98,5.23
300,Rocha,UY,2022-04-06 20:31:11,-34.4833,-54.3333,73.11,48,0,5.97
301,Naze,JP,2022-04-06 20:31:12,28.3667,129.4833,56.32,64,83,2.06
302,Pitanga,BR,2022-04-06 20:30:55,-24.7572,-51.7614,68.65,95,15,1.43
303,Vysokogornyy,RU,2022-04-06 20:31:12,50.1167,139.15,17.46,88,100,12.77
304,Taksimo,RU,2022-04-06 20:31:13,56.3444,114.8794,10.02,94,100,0.98
305,Poronaysk,RU,2022-04-06 20:31:13,49.2167,143.1167,29.12,69,5,15.46
306,Puerto Carreño,CO,2022-04-06 20:31:14,6.189,-67.4859,87.78,66,40,9.22
307,Biak,ID,2022-04-06 20:31:15,-0.9131,122.8766,75.63,83,99,2.39
308,College,US,2022-04-06 20:31:15,64.8569,-147.8028,39.52,54,75,5.75
309,Broome,US,2022-04-06 20:31:16,42.2506,-75.833,61.57,69,75,12.66
310,Dukat,RU,2022-04-06 20:31:16,62.55,155.55,0.48,100,100,1.68
311,Bethel,US,2022-04-06 20:31:16,41.3712,-73.414,51.67,88,100,5.75
312,Port Lincoln,AU,2022-04-06 20:31:17,-34.7333,135.8667,58.39,78,18,13.8
313,Mossamedes,AO,2022-04-06 20:31:17,-15.1961,12.1522,72.99,72,2,6.67
314,Narsaq,GL,2022-04-06 20:31:18,60.9167,-46.05,35.82,77,100,3.6
315,Usinsk,RU,2022-04-06 20:31:18,65.9939,57.5281,-0.67,97,100,6.93
316,Gravataí,BR,2022-04-06 20:31:18,-29.9444,-50.9919,76.8,68,20,16.11
317,Artyom,AZ,2022-04-06 20:31:19,40.4723,50.333,51.94,81,99,28.66
318,Mehamn,NO,2022-04-06 20:31:19,71.0357,27.8492,33.71,79,100,22.44
319,Chyorny Yar,RU,2022-04-06 20:31:20,48.0624,46.1091,46.27,57,9,7.92
320,Madarounfa,NE,2022-04-06 20:31:20,13.3087,7.156,88.9,8,72,8.39
321,Grindavik,IS,2022-04-06 20:29:14,63.8424,-22.4338,30.15,69,40,20.71
322,Shimanovsk,RU,2022-04-06 20:31:21,52.0,127.7,21.06,50,31,13.2
323,Labuan,MY,2022-04-06 20:31:22,5.2767,115.2417,79.16,88,20,3.44
324,Kara,TG,2022-04-06 20:31:22,9.5511,1.1861,84.38,52,48,3.96
325,Sabzawār,IR,2022-04-06 20:31:23,36.2126,57.6819,60.08,29,0,9.22
326,Wajir,KE,2022-04-06 20:31:23,1.7471,40.0573,84.2,50,72,18.63
327,Pangai,TO,2022-04-06 20:31:23,-19.8,-174.35,81.79,75,100,13.78
328,Santo Domingo,DO,2022-04-06 20:30:34,18.5001,-69.9886,85.64,69,20,11.5
329,Masty,BY,2022-04-06 20:31:24,53.4122,24.5387,42.96,95,100,12.19
330,Chokurdakh,RU,2022-04-06 20:31:24,70.6333,147.9167,-22.04,100,15,4.16
331,Gushikawa,JP,2022-04-06 20:31:25,26.3544,127.8686,63.63,83,0,6.91
332,Kanjiža,RS,2022-04-06 20:31:25,46.0667,20.05,53.56,61,99,9.04
333,Snezhnogorsk,RU,2022-04-06 20:31:26,69.1933,33.2531,20.98,88,100,15.28
334,Khani,GE,2022-04-06 20:31:26,41.9563,42.9566,38.77,97,86,5.73
335,Dinguiraye,GN,2022-04-06 20:31:26,11.3,-10.7167,90.68,30,85,3.56
336,Marabu,MY,2022-04-06 20:29:03,4.4148,114.0089,75.34,94,40,4.61
337,Coyhaique,CL,2022-04-06 20:29:09,-45.5752,-72.0662,42.75,93,100,5.75
338,Nanfeng,CN,2022-04-06 20:31:27,23.7434,111.7959,66.43,76,13,2.98
339,Meulaboh,ID,2022-04-06 20:31:28,4.1363,96.1285,77.76,85,100,4.94
340,Zhezkazgan,KZ,2022-04-06 20:31:28,47.8043,67.7144,38.89,69,99,14.36
341,Ust'-Kalmanka,RU,2022-04-06 20:31:28,52.1207,83.305,44.64,97,100,4.0
342,Kyrylivka,UA,2022-04-06 20:31:29,46.3759,35.3675,45.07,87,23,7.96
343,Denpasar,ID,2022-04-06 20:31:29,-8.65,115.2167,78.46,94,75,2.3
344,Pflugerville,US,2022-04-06 20:27:05,30.4394,-97.62,78.94,25,0,24.16
345,Pitimbu,BR,2022-04-06 20:31:30,-7.4706,-34.8086,81.19,78,63,10.11
346,Yamada,JP,2022-04-06 20:31:30,39.4667,141.95,37.99,77,7,2.93
347,Esperance,AU,2022-04-06 20:31:31,-33.8667,121.9,58.84,83,91,10.16
348,Lincoln,US,2022-04-06 20:29:42,40.8,-96.667,52.02,48,100,28.77
349,Rudnogorsk,RU,2022-04-06 20:31:31,57.2639,103.7519,35.33,99,100,3.62
350,Pahrump,US,2022-04-06 20:31:32,36.2083,-115.9839,81.25,7,0,3.0
351,Kupang,ID,2022-04-06 20:31:32,-10.1667,123.5833,77.27,84,57,4.07
352,Porto Walter,BR,2022-04-06 20:31:33,-8.2686,-72.7439,81.79,87,99,0.87
353,Mercedes,AR,2022-04-06 20:31:33,-34.6515,-59.4307,80.04,41,0,6.33
354,Kutum,SD,2022-04-06 20:31:34,14.2,24.6667,79.9,13,4,10.65
355,Katsuura,JP,2022-04-06 20:31:34,35.1333,140.3,55.78,85,100,13.51
356,Yar-Sale,RU,2022-04-06 20:31:34,66.8333,70.8333,14.22,91,100,22.03
357,Praia,CV,2022-04-06 20:31:35,14.9215,-23.5087,70.34,73,20,20.71
358,Beringovskiy,RU,2022-04-06 20:31:35,63.05,179.3167,-3.01,84,15,7.02
359,Buraidah,SA,2022-04-06 20:31:36,26.326,43.975,81.05,9,5,9.86
360,Turukhansk,RU,2022-04-06 20:31:36,65.8167,87.9833,24.58,96,100,8.61
361,Clarksburg,US,2022-04-06 20:30:48,39.2807,-80.3445,65.3,77,100,5.75
362,Nambucca Heads,AU,2022-04-06 20:31:37,-30.65,153.0,66.16,91,87,6.13
363,Kiama,AU,2022-04-06 20:31:37,-34.6833,150.8667,66.0,94,100,5.01
364,Thaba Nchu,ZA,2022-04-06 20:31:38,-29.2093,26.839,49.03,55,0,5.1
365,Udachny,RU,2022-04-06 20:31:38,66.4167,112.4,1.65,99,100,7.27
366,Hanting,CN,2022-04-06 20:31:39,36.7708,119.2108,43.09,64,0,5.41
367,Dawei,MM,2022-04-06 20:31:39,14.0833,98.2,77.02,74,78,3.36
368,San Jerónimo,PE,2022-04-06 20:31:39,-11.9472,-75.2829,57.11,67,74,4.81
369,Saint-Joseph,RE,2022-04-06 20:31:40,-21.3667,55.6167,75.58,78,100,12.01
370,Saint George,US,2022-04-06 20:31:40,37.1041,-113.5841,70.79,14,0,9.22
371,Callaguip,PH,2022-04-06 20:31:41,18.0714,120.4867,76.62,79,81,9.6
372,Aykhal,RU,2022-04-06 20:31:41,66.0,111.5,7.47,97,100,9.35
373,Waitati,NZ,2022-04-06 20:31:42,-45.75,170.5667,46.8,75,94,6.78
374,Ghanzi,BW,2022-04-06 20:31:42,-21.5667,21.7833,73.2,38,9,6.35
375,Portland,US,2022-04-06 20:30:02,45.5234,-122.6762,64.47,43,75,11.99
376,Richards Bay,ZA,2022-04-06 20:31:43,-28.783,32.0377,74.8,92,5,10.13
377,Algiers,DZ,2022-04-06 20:31:43,36.7525,3.042,53.42,82,75,8.05
378,Liverpool,GB,2022-04-06 20:28:11,53.4106,-2.9779,50.65,80,75,24.16
379,Fort Nelson,CA,2022-04-06 20:30:38,58.8053,-122.7002,44.19,26,20,12.66
380,Burnie,AU,2022-04-06 20:31:44,-41.0667,145.9167,52.39,84,13,6.31
381,Machiques,VE,2022-04-06 20:31:44,10.0644,-72.545,91.72,50,100,8.19
382,Sawtell,AU,2022-04-06 20:31:44,-30.3833,153.1,66.18,94,75,5.75
383,Camacha,PT,2022-04-06 20:31:45,33.0833,-16.3333,56.62,82,40,9.22
384,Tarata,BO,2022-04-06 20:31:45,-17.6167,-66.0167,72.82,38,80,4.47
385,Olafsvik,IS,2022-04-06 20:31:46,64.8945,-23.7142,27.93,57,18,17.52
386,Oneida,US,2022-04-06 20:31:46,43.2001,-75.4663,61.14,53,20,16.11
387,Pandan Niog,PH,2022-04-06 20:31:47,6.2282,120.5631,78.93,86,100,12.62
388,Great Falls,US,2022-04-06 20:31:47,47.5002,-111.3008,49.66,22,100,12.66
389,Tyukhtet,RU,2022-04-06 20:31:48,56.5389,89.3011,36.46,81,100,13.6
390,Blyth,GB,2022-04-06 20:31:48,55.1271,-1.5086,46.27,81,40,14.97
391,Lagoa,PT,2022-04-06 20:31:49,39.05,-27.9833,60.67,87,100,26.82
392,Jiehu,CN,2022-04-06 20:31:49,35.5428,118.455,44.87,91,0,1.41
393,Auki,SB,2022-04-06 20:31:49,-8.7676,160.7034,78.48,85,99,6.71
394,Chapais,CA,2022-04-06 20:31:50,49.7834,-74.8492,37.18,57,5,8.12
395,Aurād,IN,2022-04-06 20:31:50,18.25,77.4333,87.67,25,25,10.85
396,Vila Velha,BR,2022-04-06 20:31:51,-20.3297,-40.2925,82.35,83,40,11.5
397,Sindou,BF,2022-04-06 20:31:51,10.6667,-5.1667,89.58,38,62,3.83
398,Bunia,CD,2022-04-06 20:31:52,1.5667,30.25,62.87,94,100,4.68
399,Palmer,US,2022-04-06 20:31:52,42.1584,-72.3287,49.64,78,100,8.05
400,Vardø,NO,2022-04-06 20:31:52,70.3705,31.1107,33.78,80,75,25.32
401,Bogorodskoye,RU,2022-04-06 20:31:53,56.55,37.8833,25.32,84,19,9.08
402,Mpika,ZM,2022-04-06 20:31:53,-11.8343,31.4529,62.74,93,99,2.26
403,Javānrūd,IR,2022-04-06 20:31:53,34.7961,46.5172,55.22,37,100,6.35
404,Kiryat Gat,IL,2022-04-06 20:31:54,31.61,34.7642,63.39,100,1,6.93
405,Evans,US,2022-04-06 20:31:54,33.5337,-82.1307,79.23,73,100,3.44
406,Port Augusta,AU,2022-04-06 20:31:55,-32.5,137.7667,59.0,81,0,7.92
407,Tolstoy-Yurt,RU,2022-04-06 20:31:55,43.4444,45.7722,46.72,87,0,2.24
408,Quatre Cocos,MU,2022-04-06 20:31:56,-20.2078,57.7625,78.91,79,55,13.31
409,Lamovita,BA,2022-04-06 20:31:56,44.9256,16.9072,61.52,68,100,3.29
410,Nyurba,RU,2022-04-06 20:31:56,63.2842,118.3319,-9.27,100,88,3.89
411,Baltay,RU,2022-04-06 20:31:57,52.4652,46.6308,33.84,96,91,6.96
412,Lake Cowichan,CA,2022-04-06 20:31:57,48.825,-124.0546,51.33,43,100,4.59
413,Rion,US,2022-04-06 20:31:58,34.3071,-81.1251,71.87,77,91,7.83
414,Okato,NZ,2022-04-06 20:31:58,-39.2,173.8833,59.92,68,45,12.57
415,Nemuro,JP,2022-04-06 20:31:59,43.3236,145.575,33.91,77,60,8.57
416,Chacabuco,AR,2022-04-06 20:31:59,-34.6417,-60.4739,80.64,35,0,3.24
417,Port-Gentil,GA,2022-04-06 20:32:00,-0.7193,8.7815,81.19,87,100,12.37
418,Birao,CF,2022-04-06 20:32:00,10.2849,22.7882,86.58,21,36,4.09
419,Sitka,US,2022-04-06 20:32:00,57.0531,-135.33,44.49,49,75,14.97
420,Hay River,CA,2022-04-06 20:32:01,60.8156,-115.7999,44.58,39,75,6.91
421,Salāya,IN,2022-04-06 20:32:01,22.3167,69.6,79.27,72,31,11.88
422,Waddān,LY,2022-04-06 20:32:02,29.1614,16.139,91.72,7,100,15.95
423,Kupino,RU,2022-04-06 20:32:02,54.3663,77.2981,29.95,89,2,7.09
424,Bourail,NC,2022-04-06 20:32:02,-21.5667,165.4833,77.94,87,100,27.31
425,Khatanga,RU,2022-04-06 20:32:03,71.9667,102.5,11.59,82,100,18.37
426,Maraã,BR,2022-04-06 20:32:03,-1.8333,-65.3667,84.15,69,60,0.87
427,Nenagh,IE,2022-04-06 20:32:04,52.8619,-8.1967,44.94,77,69,26.6
428,Watertown,US,2022-04-06 20:28:51,42.3709,-71.1828,49.78,90,100,13.8
429,Nador,MA,2022-04-06 20:32:04,35.174,-2.9287,59.25,72,0,17.27
430,Terney,RU,2022-04-06 20:32:05,45.0503,136.6092,27.12,52,26,6.78
431,Neiafu,TO,2022-04-06 20:32:05,-18.65,-173.9833,83.08,78,75,10.36
432,Ust'-Kulom,RU,2022-04-06 20:32:06,61.6864,53.6902,31.42,98,100,7.25
433,Izhma,RU,2022-04-06 20:32:06,65.0083,53.9113,17.26,94,73,6.6
434,Esim,GH,2022-04-06 20:32:07,4.8699,-2.2405,81.18,85,78,7.34
435,Khovd,MN,2022-04-06 20:32:07,48.0056,91.6419,44.55,25,82,8.84
436,Erzin,TR,2022-04-06 20:32:07,36.9559,36.2,59.59,82,1,1.19
437,Nara,JP,2022-04-06 20:27:24,34.6851,135.8049,51.49,57,58,2.42
438,Deputatsky,RU,2022-04-06 20:32:08,69.3,139.9,-21.73,100,100,2.55
439,Batagay-Alyta,RU,2022-04-06 20:29:36,67.8006,130.4114,-6.43,95,100,3.56
440,Cap Malheureux,MU,2022-04-06 20:31:09,-19.9842,57.6142,75.47,86,59,16.22
441,Leh,IN,2022-04-06 20:32:08,34.1667,77.5833,26.11,46,0,5.61
442,Omboué,GA,2022-04-06 20:32:09,-1.5746,9.2618,77.85,89,100,5.68
443,San Juan del Sur,NI,2022-04-06 20:32:09,11.2529,-85.8705,91.62,43,20,4.61
444,Guider,CM,2022-04-06 20:32:10,9.9342,13.9486,95.7,16,48,2.08
445,Sabang,ID,2022-04-06 20:32:10,5.8933,95.3214,81.52,68,100,2.48
446,Marsabit,KE,2022-04-06 20:32:11,2.3284,37.9899,72.19,48,1,7.72
447,Xiongzhou,CN,2022-04-06 20:32:11,25.1167,114.3,61.97,81,24,1.5
448,Sangar,RU,2022-04-06 20:32:11,63.9242,127.4739,-14.62,100,100,2.98
449,Ulaangom,MN,2022-04-06 20:32:12,49.9811,92.0667,27.66,93,96,0.56
450,Bulawayo,ZW,2022-04-06 20:32:12,-20.15,28.5833,67.98,45,7,6.69
451,Norfolk,US,2022-04-06 20:30:20,42.1668,-71.2495,48.34,94,100,10.36
452,Dali,CN,2022-04-06 20:32:13,25.7,100.1833,48.13,91,100,4.52
453,San Patricio,US,2022-04-06 20:27:47,28.017,-97.5169,89.55,30,0,22.01
454,North Battleford,CA,2022-04-06 20:32:13,52.7834,-108.2847,44.4,81,75,19.57
455,Salalah,OM,2022-04-06 20:32:14,17.0151,54.0924,80.69,74,0,3.44
456,Nome,US,2022-04-06 20:32:14,64.5011,-165.4064,3.27,72,75,9.22
457,Houston,US,2022-04-06 20:30:00,29.7633,-95.3633,83.08,48,0,16.11
458,Panzhihua,CN,2022-04-06 20:32:15,26.5851,101.7128,52.99,96,99,1.19
459,Hasaki,JP,2022-04-06 20:32:15,35.7333,140.8333,54.0,76,99,23.11
460,Agadez,NE,2022-04-06 20:32:16,19.75,10.25,86.61,7,83,5.99
461,Magadan,RU,2022-04-06 20:32:16,59.5667,150.8,20.93,76,100,26.89
462,Kalmunai,LK,2022-04-06 20:32:17,7.4167,81.8167,77.59,84,100,4.59
463,Aswān,EG,2022-04-06 20:32:17,24.0934,32.907,94.3,7,0,10.36
464,La Ronge,CA,2022-04-06 20:32:17,55.1001,-105.2842,41.25,42,40,6.91
465,Princeton,US,2022-04-06 20:29:27,25.5384,-80.4089,91.02,68,75,9.22
466,Ketchikan,US,2022-04-06 20:30:42,55.3422,-131.6461,43.27,49,100,17.27
467,Northam,GB,2022-04-06 20:32:18,51.0333,-4.2167,50.25,87,95,29.33
468,Coihueco,CL,2022-04-06 20:32:18,-36.6167,-71.8333,75.94,27,0,8.05
469,Beïnamar,TD,2022-04-06 20:32:19,8.6698,15.3813,92.8,22,81,5.7
470,Livramento,BR,2022-04-06 20:32:19,-3.0254,-60.1803,81.28,78,75,2.3
471,Sojat,IN,2022-04-06 20:32:20,25.9167,73.6667,84.13,11,6,6.98
472,Marystown,CA,2022-04-06 20:31:25,47.1666,-55.1483,40.86,100,93,13.0
473,Narasannapeta,IN,2022-04-06 20:32:20,18.4167,84.05,76.17,89,74,4.83
474,Santiago de Cao,PE,2022-04-06 20:32:20,-7.9589,-79.2392,68.13,83,75,9.22
475,Walvis Bay,NA,2022-04-06 20:32:21,-22.9575,14.5053,61.75,72,17,5.75
476,Constitución,CL,2022-04-06 20:32:21,-35.3333,-72.4167,63.84,61,17,14.99
477,Barreirinha,BR,2022-04-06 20:32:22,-2.7933,-57.07,81.32,86,62,1.9
478,Manzhouli,CN,2022-04-06 20:32:22,49.6,117.4333,21.45,35,96,4.0
479,Nurota,UZ,2022-04-06 20:32:23,40.5614,65.6886,66.99,40,99,2.89
480,Buchanan,LR,2022-04-06 20:32:23,5.8808,-10.0467,79.83,88,65,5.82
481,Kyra,RU,2022-04-06 20:32:23,49.5776,111.9753,31.14,86,34,3.18
482,Río Gallegos,AR,2022-04-06 20:32:24,-51.6226,-69.2181,48.25,37,0,16.11
483,Balung,ID,2022-04-06 20:32:24,-7.7333,113.9167,74.39,87,67,5.21
484,Fernley,US,2022-04-06 20:32:25,39.608,-119.2518,65.28,17,32,6.58
485,Russell,US,2022-04-06 20:30:39,32.3502,-85.1999,87.08,75,75,12.66
486,Margate,GB,2022-04-06 20:32:25,51.3813,1.3862,51.12,74,100,8.99
487,Tiznit Province,MA,2022-04-06 20:32:26,29.5833,-9.5,52.32,73,74,9.04
488,Shenjiamen,CN,2022-04-06 20:32:26,29.9576,122.298,55.92,89,96,5.23
489,Laje,BR,2022-04-06 20:32:26,-10.1833,-40.9667,79.48,37,0,6.08
490,Norrtälje,SE,2022-04-06 20:32:27,59.758,18.705,35.02,86,100,6.4
491,Noumea,NC,2022-04-06 20:32:27,-22.2763,166.4572,80.58,99,100,18.45
492,Magog,CA,2022-04-06 20:31:50,45.2668,-72.1491,63.75,26,19,3.44
493,Boffa,GN,2022-04-06 20:32:28,10.1667,-14.0333,78.51,83,91,5.44
494,Chardara,KZ,2022-04-06 20:32:28,41.2547,67.9692,69.46,44,91,6.98
495,Tura,IN,2022-04-06 20:32:29,25.5198,90.2201,68.7,89,7,2.89
496,Laguna,US,2022-04-06 20:32:29,38.421,-121.4238,81.95,23,0,9.22
497,Tazovsky,RU,2022-04-06 20:32:30,67.4667,78.7,6.75,99,83,7.07
498,Port Hardy,CA,2022-04-06 20:30:40,50.6996,-127.4199,42.98,70,100,16.11
499,Sturgis,US,2022-04-06 20:32:30,41.7992,-85.4192,53.4,81,75,14.97
500,Tiarei,PF,2022-04-06 20:32:31,-17.5333,-149.3333,86.02,69,44,22.75
501,La Asuncion,VE,2022-04-06 20:32:31,11.0333,-63.8628,79.36,77,68,19.13
502,Kantunilkín,MX,2022-04-06 20:32:32,21.0917,-87.45,93.54,38,0,10.49
503,Salinópolis,BR,2022-04-06 20:32:32,-0.6136,-47.3561,77.2,90,90,8.03
504,Saint-Augustin,CA,2022-04-06 20:32:33,51.226,-58.6502,36.37,92,100,13.4
505,Porto-Vecchio,FR,2022-04-06 20:32:33,41.591,9.2795,47.86,93,75,2.3
506,Kota Kinabalu,MY,2022-04-06 20:32:33,5.9749,116.0724,76.98,94,20,5.99
507,Srandakan,ID,2022-04-06 20:32:34,-7.9386,110.2506,75.88,88,45,1.32
508,Panjāb,AF,2022-04-06 20:32:34,34.388,67.0233,49.26,33,7,2.19
509,Lima,PE,2022-04-06 20:28:53,-12.0432,-77.0282,70.05,73,0,11.5
510,Aripuanã,BR,2022-04-06 20:32:35,-9.1667,-60.6333,79.25,91,98,2.73
511,Baker City,US,2022-04-06 20:32:35,44.7749,-117.8344,49.59,33,0,8.05
512,Visnes,NO,2022-04-06 20:32:35,59.3556,5.2242,36.82,60,40,6.91
513,Gigmoto,PH,2022-04-06 20:32:36,13.7796,124.39,78.69,89,100,11.77
514,Beian,NO,2022-04-06 20:32:36,63.6559,9.5683,35.01,80,0,5.75
515,Khāsh,IR,2022-04-06 20:32:37,28.2211,61.2158,66.2,24,0,5.79
516,Egvekinot,RU,2022-04-06 20:32:37,66.3167,-179.1667,-10.89,86,96,1.99
517,Trelew,AR,2022-04-06 20:32:38,-43.249,-65.3051,60.03,70,20,17.67
518,Matadi,CD,2022-04-06 20:32:38,-5.8167,13.45,77.09,94,41,4.09
519,Bowen,AU,2022-04-06 20:32:38,-20.0167,148.2333,72.63,87,66,7.56
520,Khanino,RU,2022-04-06 20:32:39,54.211,36.6229,30.31,97,100,4.85
521,Onguday,RU,2022-04-06 20:32:39,50.75,86.15,39.31,75,98,3.58
522,Chateaubelair,VC,2022-04-06 20:32:40,13.2833,-61.25,79.32,74,75,13.8
523,Concarneau,FR,2022-04-06 20:32:40,47.875,-3.9225,55.81,88,100,22.39
524,Sharjah city,AE,2022-04-06 20:32:40,25.3573,55.4033,84.18,73,0,3.44
525,Portree,GB,2022-04-06 20:32:41,57.4129,-6.1942,38.52,88,79,7.07
526,Arrondissement de Saint-Gaudens,FR,2022-04-06 20:32:41,43.0833,0.6667,47.01,89,99,4.56
527,Belle Fourche,US,2022-04-06 20:32:42,44.6714,-103.8522,41.32,61,100,29.8
528,Orcopampa,PE,2022-04-06 20:32:42,-15.2661,-72.3417,54.57,66,81,4.94
529,Mehtar Lām,AF,2022-04-06 20:32:42,34.6714,70.2094,73.4,15,3,6.69
530,Erenhot,CN,2022-04-06 20:32:43,43.6475,111.9767,45.19,39,7,7.9
531,Monrovia,LR,2022-04-06 20:32:43,6.3005,-10.7969,78.57,89,100,5.79
532,Pacific Grove,US,2022-04-06 20:32:44,36.6177,-121.9166,83.88,41,0,9.22
533,Røros,NO,2022-04-06 20:32:44,62.5747,11.3842,10.24,92,4,2.3
534,Yuzhno-Kurilsk,RU,2022-04-06 20:32:44,44.0306,145.8556,34.18,68,29,4.43
535,Okhotsk,RU,2022-04-06 20:32:45,59.3833,143.3,25.92,94,100,32.75
536,Svetlaya,RU,2022-04-06 20:32:45,46.5389,138.3297,28.6,65,1,10.36
537,Padang,ID,2022-04-06 20:32:46,-0.9492,100.3543,76.86,85,100,2.17
538,Bijie,CN,2022-04-06 20:32:46,27.3125,105.2942,47.95,73,78,1.72
539,Sola,VU,2022-04-06 20:32:47,-13.8833,167.55,83.68,72,100,15.57
540,Merauke,ID,2022-04-06 20:32:47,-8.4667,140.3333,78.49,84,66,8.43
541,Ostrołęka,PL,2022-04-06 20:32:47,53.0862,21.5757,49.93,91,100,12.21
542,Syedove,UA,2022-04-06 20:32:48,47.0768,38.156,43.0,78,12,8.25
543,Mayskiy,RU,2022-04-06 20:32:48,47.6931,40.1025,44.01,72,3,6.82
544,Cardoso,BR,2022-04-06 20:32:49,-20.0819,-49.9142,83.79,59,97,4.32
545,Assiut,EG,2022-04-06 20:32:49,27.181,31.1837,84.38,12,2,9.13
546,Zimapan,MX,2022-04-06 20:32:49,20.75,-99.35,85.44,5,99,4.9
547,Arroyo de la Encomienda,ES,2022-04-06 20:32:50,41.6096,-4.7969,51.84,50,0,8.05
548,Cherskiy,RU,2022-04-06 20:32:50,68.75,161.3,-16.8,100,100,3.56
549,Puerto Lempira,HN,2022-04-06 20:29:42,15.2667,-83.7667,89.74,66,40,11.5
550,Ushtobe,KZ,2022-04-06 20:32:51,45.2514,77.9838,66.06,32,100,7.87
551,Berlevåg,NO,2022-04-06 20:32:51,70.8578,29.0864,33.75,64,75,25.32
552,Ossora,RU,2022-04-06 20:32:52,59.2353,163.0719,17.1,92,100,1.1
553,Posse,BR,2022-04-06 20:32:52,-14.0931,-46.3694,81.52,40,58,3.78
554,Tezu,IN,2022-04-06 20:32:52,27.9167,96.1667,67.75,82,75,3.36
555,Cranbrook,CA,2022-04-06 20:30:03,49.4999,-115.7688,49.84,32,75,2.3
556,Berdigestyakh,RU,2022-04-06 20:32:53,62.0989,126.6992,-13.65,100,86,3.02
557,Lubao,PH,2022-04-06 20:32:53,14.9167,120.55,75.27,82,99,3.96
558,Rio Rancho,US,2022-04-06 20:32:05,35.2334,-106.6645,66.36,9,0,21.85
559,Vestmannaeyjar,IS,2022-04-06 20:32:54,63.4427,-20.2734,31.86,51,0,13.8
560,Svay Rieng,KH,2022-04-06 20:32:54,11.0879,105.7993,80.33,76,100,3.62
561,Mēga,ET,2022-04-06 20:32:55,4.05,38.3,62.91,62,6,10.09
562,Svirsk,RU,2022-04-06 20:32:55,53.0858,103.3325,34.63,99,100,4.43
563,Tauá,BR,2022-04-06 20:32:56,-5.9667,-40.3,78.71,65,93,2.39
564,Mildura,AU,2022-04-06 20:28:38,-34.2,142.15,55.36,82,5,6.91
